dt,AverageTemperature,AverageTemperatureUncertainty
1828-01-01,-15.524,3.058
1828-02-01,-10.472,2.647
1828-03-01,-4.559,2.433
1828-04-01,,
1828-05-01,6.847,3.095
1828-06-01,11.624,2.715
1828-07-01,13.763,3.027
1828-08-01,10.383,3.043
1828-09-01,4.402,2.576
1828-10-01,-0.25,2.643
1828-11-01,-7.223,3.326
1828-12-01,-13.852,4.974
1829-01-01,-13.683,2.953
1829-02-01,-10.057,3.708
1829-03-01,-4.129,2.857
1829-04-01,-0.148,2.562
1829-05-01,7.843,3.922
1829-06-01,11.026,3.184
1829-07-01,13.357,2.985
1829-08-01,11.817,2.84
1829-09-01,,
1829-10-01,0.651,2.528
1829-11-01,-8.814,3.474
1829-12-01,-15.647,5.152
1830-01-01,,
1830-02-01,,
1830-03-01,,
1830-04-01,,
1830-05-01,,
1830-06-01,,
1830-07-01,,
1830-08-01,,
1830-09-01,,
1830-10-01,,
1830-11-01,,
1830-12-01,,
1831-01-01,,
1831-02-01,,
1831-03-01,,
1831-04-01,,
1831-05-01,,
1831-06-01,,
1831-07-01,,
1831-08-01,,
1831-09-01,,
1831-10-01,,
1831-11-01,,
1831-12-01,,
1832-01-01,-12.587,2.307
1832-02-01,-12.805,3.403
1832-03-01,-5.841,2.179
1832-04-01,-1.125,3.517
1832-05-01,5.383,2.434
1832-06-01,,
1832-07-01,,
1832-08-01,,
1832-09-01,,
1832-10-01,-0.453,2.791
1832-11-01,-6.125,3.224
1832-12-01,-11.965,4.331
1833-01-01,-11.868,3.049
1833-02-01,-10.844,2.51
1833-03-01,-4.748,3.61
1833-04-01,0.112,2.644
1833-05-01,5.038,2.563
1833-06-01,9.996,2.661
1833-07-01,12.031,2.445
1833-08-01,11.7,2.94
1833-09-01,7.317,2.826
1833-10-01,0.299,2.946
1833-11-01,-4.699,2.403
1833-12-01,-11.888,3.059
1834-01-01,-15.454,3.137
1834-02-01,-10.691,2.788
1834-03-01,-5.161,2.851
1834-04-01,-0.152,2.532
1834-05-01,5.011,2.743
1834-06-01,9.345,3.135
1834-07-01,11.28,2.903
1834-08-01,10.013,2.974
1834-09-01,6.008,3.228
1834-10-01,0.406,2.412
1834-11-01,-4.921,2.738
1834-12-01,-10.944,2.566
1835-01-01,-11.655,2.648
1835-02-01,-10.539,2.894
1835-03-01,-5.489,2.84
1835-04-01,-0.398,2.809
1835-05-01,4.463,2.446
1835-06-01,8.659,2.714
1835-07-01,10.354,2.82
1835-08-01,,
1835-09-01,5.526,2.738
1835-10-01,-1.811,2.82
1835-11-01,-7.762,2.438
1835-12-01,-14.334,3.087
1836-01-01,-14.764,3.438
1836-02-01,-10.136,2.545
1836-03-01,-5.013,2.505
1836-04-01,-0.636,2.362
1836-05-01,5.792,2.842
1836-06-01,9.649,2.518
1836-07-01,11.281,2.604
1836-08-01,10.594,2.633
1836-09-01,5.931,2.782
1836-10-01,0.639,4.623
1836-11-01,-6.683,2.803
1836-12-01,-13.309,3.55
1837-01-01,-11.248,3.11
1837-02-01,-8.763,3.113
1837-03-01,-5.697,3.324
1837-04-01,-0.461,3.053
1837-05-01,5.403,2.995
1837-06-01,9.103,2.657
1837-07-01,11.176,2.617
1837-08-01,10.797,2.419
1837-09-01,5.762,2.586
1837-10-01,-1.06,2.912
1837-11-01,-7.747,3.035
1837-12-01,-12.206,3.766
1838-01-01,-15.407,3.107
1838-02-01,-10.813,2.216
1838-03-01,-6.453,2.396
1838-04-01,-1.572,2.38
1838-05-01,4.936,2.276
1838-06-01,9.478,2.291
1838-07-01,12.031,3.499
1838-08-01,10.887,3.09
1838-09-01,6.263,2.212
1838-10-01,0.388,3.642
1838-11-01,-6.974,3.073
1838-12-01,-11.228,3.573
1839-01-01,-14.606,3.325
1839-02-01,-7.053,3.312
1839-03-01,-7.028,2.556
1839-04-01,1.631,2.408
1839-05-01,5.093,2.236
1839-06-01,10.002,2.262
1839-07-01,12.872,3.414
1839-08-01,12.559,2.98
1839-09-01,6.448,2.656
1839-10-01,-0.778,2.478
1839-11-01,-5.751,3.924
1839-12-01,-11.397,3.915
1840-01-01,-10.013,4.307
1840-02-01,-13.231,4.391
1840-03-01,-4.692,3.869
1840-04-01,-1.263,3.076
1840-05-01,5.178,2.45
1840-06-01,9.376,2.635
1840-07-01,12.272,2.554
1840-08-01,10.562,2.57
1840-09-01,6.563,2.267
1840-10-01,-0.934,2.671
1840-11-01,-8.294,4.023
1840-12-01,-13.392,3.125
1841-01-01,-14.32,2.64
1841-02-01,-9.917,2.285
1841-03-01,-5.186,4.232
1841-04-01,-2.071,2.526
1841-05-01,4.818,2.579
1841-06-01,10.03,2.392
1841-07-01,12.599,2.33
1841-08-01,11.278,2.223
1841-09-01,5.202,2.321
1841-10-01,0.115,2.262
1841-11-01,-5.796,2.326
1841-12-01,-12.166,3.162
1842-01-01,-12.76,2.54
1842-02-01,-10.426,2.383
1842-03-01,-6.36,4.453
1842-04-01,0.593,2.9
1842-05-01,4.125,2.748
1842-06-01,8.923,2.337
1842-07-01,11.037,2.526
1842-08-01,10.688,2.57
1842-09-01,5.807,2.255
1842-10-01,-0.491,2.471
1842-11-01,-7.155,2.386
1842-12-01,-10.046,2.393
1843-01-01,-12.877,3.466
1843-02-01,-12.776,4.902
1843-03-01,-6.779,2.556
1843-04-01,-0.366,2.399
1843-05-01,3.885,2.187
1843-06-01,8.727,2.435
1843-07-01,11.145,2.593
1843-08-01,10.321,2.35
1843-09-01,5.41,2.327
1843-10-01,-0.638,2.509
1843-11-01,-7.368,2.658
1843-12-01,-10.632,2.708
1844-01-01,-15.32,3.542
1844-02-01,-9.097,2.872
1844-03-01,-6.687,3.135
1844-04-01,0.365,2.184
1844-05-01,4.272,2.159
1844-06-01,9.361,2.781
1844-07-01,11.595,2.228
1844-08-01,10.249,2.816
1844-09-01,5.425,2.109
1844-10-01,-0.669,2.599
1844-11-01,-8.865,2.512
1844-12-01,-12.287,2.494
1845-01-01,-12.656,2.755
1845-02-01,-11.648,3.564
1845-03-01,-6.104,2.089
1845-04-01,0.408,2.141
1845-05-01,5.05,2.432
1845-06-01,8.729,2.523
1845-07-01,11.786,2.261
1845-08-01,11.423,2.142
1845-09-01,5.722,2.527
1845-10-01,-1.083,2.491
1845-11-01,-7.639,2.573
1845-12-01,-10.843,4.458
1846-01-01,,
1846-02-01,,
1846-03-01,,
1846-04-01,,
1846-05-01,,
1846-06-01,,
1846-07-01,,
1846-08-01,,
1846-09-01,6.303,3.4
1846-10-01,-0.218,3.36
1846-11-01,-6.053,3.429
1846-12-01,-10.95,3.323
1847-01-01,,
1847-02-01,,
1847-03-01,,
1847-04-01,,
1847-05-01,5.001,2.337
1847-06-01,9.416,2.571
1847-07-01,11.668,2.631
1847-08-01,10.973,2.502
1847-09-01,5.852,2.563
1847-10-01,-0.162,2.424
1847-11-01,-6.933,2.648
1847-12-01,-12.089,3.088
1848-01-01,-15.36,2.685
1848-02-01,-10.489,3.831
1848-03-01,-6.64,2.414
1848-04-01,-0.235,2.805
1848-05-01,4.816,2.301
1848-06-01,9.392,2.319
1848-07-01,12.537,2.862
1848-08-01,9.836,2.31
1848-09-01,5.735,2.315
1848-10-01,-0.103,2.259
1848-11-01,-5.926,2.64
1848-12-01,-13.557,2.444
1849-01-01,-14.575,3.789
1849-02-01,-12.973,4.042
1849-03-01,-7.084,4.238
1849-04-01,-1.585,3.477
1849-05-01,4.551,3.306
1849-06-01,9.035,2.064
1849-07-01,12.212,2.116
1849-08-01,10.538,2.04
1849-09-01,5.935,1.89
1849-10-01,0.729,2.153
1849-11-01,-5.143,2.122
1849-12-01,-13.534,1.626
1850-01-01,-15.656,3.07
1850-02-01,-9.184,1.673
1850-03-01,-7.883,4.828
1850-04-01,0.045,2.489
1850-05-01,5.34,2.248
1850-06-01,9.139,2.234
1850-07-01,12.249,1.669
1850-08-01,11.022,2.07
1850-09-01,6.075,2.073
1850-10-01,0.163,1.565
1850-11-01,-5.954,2.179
1850-12-01,-11.781,2.203
1851-01-01,-12.811,1.456
1851-02-01,-9.8,2.413
1851-03-01,-4.889,2.01
1851-04-01,1.135,2.251
1851-05-01,6.164,1.849
1851-06-01,10.04,1.473
1851-07-01,12.578,2.32
1851-08-01,11.82,2.626
1851-09-01,7.029,1.725
1851-10-01,1.775,3.024
1851-11-01,-5.009,2.969
1851-12-01,-12.861,4.056
1852-01-01,-9.93,4.994
1852-02-01,-9.584,1.884
1852-03-01,-7.752,1.925
1852-04-01,0.59,1.792
1852-05-01,6.447,1.817
1852-06-01,10.633,1.919
1852-07-01,12.54,1.961
1852-08-01,11.151,2.212
1852-09-01,5.938,2.206
1852-10-01,0.892,2.581
1852-11-01,-6.924,2.233
1852-12-01,-15.036,5.596
1853-01-01,-13.103,2.26
1853-02-01,-9.915,3.397
1853-03-01,-5.294,2.159
1853-04-01,0.879,2.301
1853-05-01,6.663,2.056
1853-06-01,9.364,2.53
1853-07-01,12.297,1.816
1853-08-01,10.021,2.342
1853-09-01,6.173,2.408
1853-10-01,-0.174,1.959
1853-11-01,-6.713,3.268
1853-12-01,-10.883,2.324
1854-01-01,-14.958,2.296
1854-02-01,-11.436,2.028
1854-03-01,-6.164,2.05
1854-04-01,0.799,1.914
1854-05-01,5.14,2.011
1854-06-01,8.518,2.55
1854-07-01,12.086,2.133
1854-08-01,10.82,2.453
1854-09-01,6.176,1.865
1854-10-01,-0.232,2.485
1854-11-01,-3.475,4.727
1854-12-01,-11.777,3.061
1855-01-01,-11.911,3.758
1855-02-01,-9.737,3.058
1855-03-01,-4.478,3.169
1855-04-01,0.787,3.069
1855-05-01,6.006,3.103
1855-06-01,10.056,1.885
1855-07-01,11.837,2.211
1855-08-01,10.979,2.93
1855-09-01,6.276,2.902
1855-10-01,0.26,2.726
1855-11-01,-7.439,2.567
1855-12-01,-16.001,5.156
1856-01-01,-11.064,2.063
1856-02-01,-8.145,4.064
1856-03-01,-3.429,3.86
1856-04-01,0.042,1.341
1856-05-01,6.966,3.246
1856-06-01,10.192,1.428
1856-07-01,11.017,2.048
1856-08-01,10.098,2.264
1856-09-01,6.453,2.016
1856-10-01,-0.829,1.748
1856-11-01,-6.073,1.838
1856-12-01,-12.13,2.257
1857-01-01,-14.874,1.746
1857-02-01,-10.679,2.033
1857-03-01,-4.373,1.893
1857-04-01,1.891,2.351
1857-05-01,6.985,2.189
1857-06-01,10.585,2.121
1857-07-01,11.764,1.58
1857-08-01,10.508,1.828
1857-09-01,5.914,1.545
1857-10-01,0.441,1.619
1857-11-01,-5.53,2.225
1857-12-01,-9.999,2.473
1858-01-01,-13.854,1.848
1858-02-01,-12.155,1.8
1858-03-01,-4.717,1.52
1858-04-01,0.224,1.641
1858-05-01,5.824,1.612
1858-06-01,9.158,1.459
1858-07-01,11.064,1.92
1858-08-01,10.264,1.716
1858-09-01,6.091,1.696
1858-10-01,-0.871,1.757
1858-11-01,-5.477,2.522
1858-12-01,-13.509,2.022
1859-01-01,-13.048,1.56
1859-02-01,-12.04,2.408
1859-03-01,-6.336,1.812
1859-04-01,0.027,1.929
1859-05-01,5.089,1.712
1859-06-01,9.935,1.772
1859-07-01,11.137,1.901
1859-08-01,9.919,1.878
1859-09-01,6.08,1.895
1859-10-01,-1.052,2.742
1859-11-01,-9.658,5.808
1859-12-01,-12.332,3.327
1860-01-01,-12.611,2.424
1860-02-01,-9.521,1.845
1860-03-01,-5.26,2.766
1860-04-01,-0.266,1.762
1860-05-01,4.281,3.781
1860-06-01,10.064,1.622
1860-07-01,13.079,1.958
1860-08-01,12.001,1.984
1860-09-01,6.752,1.651
1860-10-01,0.707,1.71
1860-11-01,-5.05,2.09
1860-12-01,-12.12,1.668
1861-01-01,-14.225,2.463
1861-02-01,-9.342,2.362
1861-03-01,-4.972,1.868
1861-04-01,0.209,1.689
1861-05-01,5.342,1.925
1861-06-01,10.096,2.171
1861-07-01,12.692,1.663
1861-08-01,10.876,1.785
1861-09-01,6.452,3.536
1861-10-01,-0.572,1.961
1861-11-01,-7.296,2.073
1861-12-01,-14.131,3.801
1862-01-01,-16.083,2.634
1862-02-01,-14.599,3.571
1862-03-01,-6.852,1.684
1862-04-01,-1.407,1.998
1862-05-01,5.342,2.787
1862-06-01,10.308,2.128
1862-07-01,11.734,1.748
1862-08-01,10.727,1.688
1862-09-01,5.492,2.63
1862-10-01,-1.112,1.832
1862-11-01,-6.854,3.153
1862-12-01,-11.16,4.168
1863-01-01,-13.161,2.694
1863-02-01,-12.094,2.633
1863-03-01,-5.956,2.238
1863-04-01,0.101,1.895
1863-05-01,5.793,2.059
1863-06-01,11.312,2.123
1863-07-01,13.386,1.828
1863-08-01,10.324,2.921
1863-09-01,6.854,3.413
1863-10-01,-0.188,1.661
1863-11-01,-7.178,2.298
1863-12-01,-12.23,2.035
1864-01-01,-14.097,3.615
1864-02-01,-9.191,2.49
1864-03-01,-5.354,2.027
1864-04-01,1.059,1.859
1864-05-01,7.33,1.814
1864-06-01,11.017,2.235
1864-07-01,12.913,2.359
1864-08-01,10.601,2.137
1864-09-01,6.454,2.073
1864-10-01,-0.0740000000000001,2.705
1864-11-01,-6.697,2.855
1864-12-01,-13.535,2.026
1865-01-01,-13.075,1.842
1865-02-01,-11.291,2.196
1865-03-01,-7.972,1.918
1865-04-01,-0.656,1.841
1865-05-01,6.307,2.495
1865-06-01,10.479,1.995
1865-07-01,12.525,2.26
1865-08-01,11.062,2.338
1865-09-01,6.036,2.75
1865-10-01,0.604,2.401
1865-11-01,-4.88,2.123
1865-12-01,-13.799,1.848
1866-01-01,-14.579,2.628
1866-02-01,-11.764,1.993
1866-03-01,-5.287,1.957
1866-04-01,0.348,1.845
1866-05-01,6.579,1.942
1866-06-01,9.792,1.737
1866-07-01,11.947,1.862
1866-08-01,10.253,2.025
1866-09-01,5.962,2.078
1866-10-01,-0.939,2.217
1866-11-01,-4.705,1.996
1866-12-01,-10.315,1.878
1867-01-01,-13.564,2.087
1867-02-01,-12.284,3.213
1867-03-01,-7.409,2.14
1867-04-01,-0.173,2.959
1867-05-01,6.734,1.746
1867-06-01,10.07,1.618
1867-07-01,11.587,1.682
1867-08-01,10.444,3.443
1867-09-01,6.226,2.237
1867-10-01,-0.454,1.77
1867-11-01,-5.427,2.183
1867-12-01,-12.471,2.365
1868-01-01,-17.145,2.59
1868-02-01,-10.038,2.363
1868-03-01,-4.728,2.157
1868-04-01,1.829,1.901
1868-05-01,6.969,2.718
1868-06-01,11.465,1.695
1868-07-01,12.44,1.477
1868-08-01,11.117,2.034
1868-09-01,5.177,2.241
1868-10-01,1.212,2.856
1868-11-01,-5.727,2.748
1868-12-01,-9.576,2.447
1869-01-01,-12.429,4.229
1869-02-01,-9.157,3.236
1869-03-01,-5.969,3.582
1869-04-01,1.562,2.054
1869-05-01,8.24,1.705
1869-06-01,11.831,1.701
1869-07-01,12.801,1.825
1869-08-01,10.625,2.345
1869-09-01,6.445,1.853
1869-10-01,0.788,1.854
1869-11-01,-4.957,2.121
1869-12-01,-8.917,1.97
1870-01-01,-13.494,2.158
1870-02-01,-9.167,2.093
1870-03-01,-7.172,1.716
1870-04-01,1.396,1.667
1870-05-01,5.964,1.787
1870-06-01,10.55,2.357
1870-07-01,13.182,1.774
1870-08-01,12.005,1.539
1870-09-01,7.757,1.601
1870-10-01,1.066,1.687
1870-11-01,-5.117,2.114
1870-12-01,-10.745,2.642
1871-01-01,-12.944,2.754
1871-02-01,-10.316,2.783
1871-03-01,-5.334,2.49
1871-04-01,0.544,2.568
1871-05-01,6.757,2.919
1871-06-01,10.748,2.865
1871-07-01,12.21,2.067
1871-08-01,10.651,1.947
1871-09-01,7.183,1.913
1871-10-01,1.316,1.614
1871-11-01,-7.657,3.242
1871-12-01,-12.943,1.752
1872-01-01,-12.408,3.239
1872-02-01,-10.542,2.295
1872-03-01,-3.592,2.266
1872-04-01,-0.694,2.104
1872-05-01,6.348,1.674
1872-06-01,9.432,2.295
1872-07-01,13.034,1.873
1872-08-01,11.42,2.104
1872-09-01,6.513,2.175
1872-10-01,1.374,1.959
1872-11-01,-8.039,1.956
1872-12-01,-12.191,2.224
1873-01-01,-12.969,1.835
1873-02-01,-10.516,1.77
1873-03-01,-5.062,2.15
1873-04-01,0.557,1.863
1873-05-01,6.0,1.838
1873-06-01,10.208,1.687
1873-07-01,12.763,2.023
1873-08-01,11.224,1.845
1873-09-01,7.572,2.403
1873-10-01,0.868,1.614
1873-11-01,-5.662,1.53
1873-12-01,-13.557,2.548
1874-01-01,-15.449,4.412
1874-02-01,-10.982,2.441
1874-03-01,-7.48,2.345
1874-04-01,1.676,2.419
1874-05-01,7.823,2.227
1874-06-01,10.636,1.575
1874-07-01,12.451,1.617
1874-08-01,11.747,2.538
1874-09-01,6.773,1.672
1874-10-01,1.43,1.826
1874-11-01,-9.492,2.965
1874-12-01,-10.188,1.55
1875-01-01,-19.051,2.45
1875-02-01,-9.878,2.724
1875-03-01,-6.817,1.48
1875-04-01,0.194,1.263
1875-05-01,4.8,1.281
1875-06-01,9.513,1.271
1875-07-01,13.34,1.345
1875-08-01,11.062,1.175
1875-09-01,7.27,1.366
1875-10-01,2.462,1.29
1875-11-01,-10.784,2.897
1875-12-01,-12.146,1.727
1876-01-01,-16.816,1.753
1876-02-01,-12.502,2.055
1876-03-01,-8.494,1.751
1876-04-01,0.0720000000000001,1.377
1876-05-01,5.577,1.548
1876-06-01,10.23,1.407
1876-07-01,11.671,1.234
1876-08-01,9.654,1.47
1876-09-01,6.799,1.169
1876-10-01,1.715,1.465
1876-11-01,-7.797,1.694
1876-12-01,-9.682,2.49
1877-01-01,-11.419,2.033
1877-02-01,-7.403,1.56
1877-03-01,-4.233,1.205
1877-04-01,1.725,1.755
1877-05-01,7.237,1.811
1877-06-01,9.427,2.388
1877-07-01,12.701,2.057
1877-08-01,11.37,2.092
1877-09-01,6.639,2.023
1877-10-01,0.703,1.936
1877-11-01,-5.043,2.003
1877-12-01,-9.68,3.063
1878-01-01,-10.747,2.24
1878-02-01,-7.213,2.055
1878-03-01,-1.999,2.144
1878-04-01,1.771,2.14
1878-05-01,6.304,2.137
1878-06-01,11.414,2.245
1878-07-01,12.003,2.18
1878-08-01,11.706,2.1
1878-09-01,5.76,2.102
1878-10-01,-0.115,2.171
1878-11-01,-4.633,1.985
1878-12-01,-11.838,2.044
1879-01-01,-14.148,2.239
1879-02-01,-12.152,2.192
1879-03-01,-5.169,1.93
1879-04-01,0.614,2.188
1879-05-01,5.962,2.176
1879-06-01,10.135,2.121
1879-07-01,11.322,2.249
1879-08-01,10.347,2.343
1879-09-01,6.973,2.294
1879-10-01,-0.614,2.095
1879-11-01,-6.542,2.121
1879-12-01,-14.095,2.434
1880-01-01,-15.127,2.306
1880-02-01,-12.04,1.641
1880-03-01,-8.037,2.878
1880-04-01,-0.943,1.634
1880-05-01,5.418,1.781
1880-06-01,9.921,1.699
1880-07-01,12.613,2.031
1880-08-01,10.309,1.847
1880-09-01,6.279,2.27
1880-10-01,1.173,2.172
1880-11-01,-7.12,1.745
1880-12-01,-15.326,2.153
1881-01-01,-16.22,3.933
1881-02-01,-11.76,2.852
1881-03-01,-2.755,2.042
1881-04-01,1.458,1.524
1881-05-01,5.392,1.259
1881-06-01,9.924,1.163
1881-07-01,11.496,1.335
1881-08-01,10.56,1.242
1881-09-01,6.085,1.06
1881-10-01,-1.186,1.321
1881-11-01,-7.194,1.277
1881-12-01,-11.38,1.502
1882-01-01,-13.77,1.618
1882-02-01,-12.134,1.048
1882-03-01,-8.826,1.19
1882-04-01,-0.219,1.153
1882-05-01,6.289,1.091
1882-06-01,10.688,1.254
1882-07-01,11.75,1.477
1882-08-01,11.695,1.4
1882-09-01,6.546,1.273
1882-10-01,-0.123,1.093
1882-11-01,-7.224,1.193
1882-12-01,-12.247,2.101
1883-01-01,-14.918,1.297
1883-02-01,-13.315,1.899
1883-03-01,-3.548,1.697
1883-04-01,1.018,1.712
1883-05-01,6.689,1.418
1883-06-01,10.075,1.161
1883-07-01,11.757,1.675
1883-08-01,10.936,1.732
1883-09-01,7.369,1.56
1883-10-01,0.475,1.746
1883-11-01,-10.084,1.052
1883-12-01,-11.825,1.694
1884-01-01,-12.698,1.587
1884-02-01,-14.005,1.144
1884-03-01,-5.44,1.245
1884-04-01,1.821,1.052
1884-05-01,6.498,0.959
1884-06-01,10.206,1.024
1884-07-01,11.584,1.102
1884-08-01,11.381,0.968
1884-09-01,4.987,1.077
1884-10-01,-1.242,1.263
1884-11-01,-4.782,0.969
1884-12-01,-15.53,2.207
1885-01-01,-14.87,1.465
1885-02-01,-9.681,1.406
1885-03-01,-2.14,1.675
1885-04-01,1.686,1.002
1885-05-01,6.993,1.275
1885-06-01,11.194,0.966
1885-07-01,12.428,0.988
1885-08-01,11.855,1.118
1885-09-01,7.184,0.937
1885-10-01,1.396,0.986
1885-11-01,-4.622,1.377
1885-12-01,-9.693,1.3
1886-01-01,-18.512,1.815
1886-02-01,-9.139,1.773
1886-03-01,-5.621,1.631
1886-04-01,0.942,1.355
1886-05-01,6.017,1.539
1886-06-01,10.759,1.115
1886-07-01,13.164,0.823
1886-08-01,11.427,1.215
1886-09-01,6.312,1.03
1886-10-01,0.63,0.969
1886-11-01,-6.846,0.884
1886-12-01,-11.227,1.327
1887-01-01,-15.99,0.98
1887-02-01,-17.894,2.925
1887-03-01,-6.356,1.516
1887-04-01,-0.104,0.799
1887-05-01,5.362,0.816
1887-06-01,8.74,1.054
1887-07-01,11.018,1.245
1887-08-01,10.349,0.88
1887-09-01,6.178,0.938
1887-10-01,0.0169999999999999,1.405
1887-11-01,-7.064,0.964
1887-12-01,-14.12,1.462
1888-01-01,-17.55,4.139
1888-02-01,-8.642,1.253
1888-03-01,-7.097,1.428
1888-04-01,-0.59,1.648
1888-05-01,6.021,1.381
1888-06-01,9.871,1.77
1888-07-01,11.659,1.086
1888-08-01,11.684,1.55
1888-09-01,8.724,1.085
1888-10-01,1.309,1.073
1888-11-01,-7.081,1.019
1888-12-01,-10.011,1.217
1889-01-01,-12.012,1.81
1889-02-01,-10.021,1.361
1889-03-01,-1.897,1.041
1889-04-01,2.249,1.035
1889-05-01,6.709,1.004
1889-06-01,9.877,0.905
1889-07-01,12.156,1.218
1889-08-01,10.719,0.973
1889-09-01,5.679,1.08
1889-10-01,2.493,1.148
1889-11-01,-5.394,1.342
1889-12-01,-13.523,1.143
1890-01-01,-18.284,1.752
1890-02-01,-14.45,1.984
1890-03-01,-6.138,1.065
1890-04-01,-2.067,1.03
1890-05-01,5.645,1.003
1890-06-01,8.856,0.824
1890-07-01,11.471,0.794
1890-08-01,10.993,0.979
1890-09-01,6.589,0.829
1890-10-01,0.361,0.951
1890-11-01,-3.397,0.793
1890-12-01,-9.73,1.029
1891-01-01,-9.175,0.719
1891-02-01,-14.805,1.107
1891-03-01,-6.292,0.74
1891-04-01,1.297,0.796
1891-05-01,5.668,0.997
1891-06-01,9.25,0.892
1891-07-01,12.708,0.961
1891-08-01,11.569,1.103
1891-09-01,6.471,1.366
1891-10-01,1.51,1.113
1891-11-01,-6.476,1.03
1891-12-01,-11.233,1.756
1892-01-01,-13.117,1.022
1892-02-01,-10.481,1.647
1892-03-01,-3.751,1.705
1892-04-01,-0.835,2.085
1892-05-01,5.469,1.83
1892-06-01,10.243,1.837
1892-07-01,11.387,1.494
1892-08-01,11.065,1.388
1892-09-01,7.192,1.382
1892-10-01,2.028,0.945
1892-11-01,-8.559,1.911
1892-12-01,-11.533,1.726
1893-01-01,-13.655,0.772
1893-02-01,-13.649,1.264
1893-03-01,-6.21,0.919
1893-04-01,-1.346,0.921
1893-05-01,6.201,0.764
1893-06-01,8.49,0.781
1893-07-01,11.983,0.573
1893-08-01,11.289,0.874
1893-09-01,6.457,0.876
1893-10-01,-0.81,0.771
1893-11-01,-9.723,0.581
1893-12-01,-12.133,1.231
1894-01-01,-15.885,1.187
1894-02-01,-12.039,0.97
1894-03-01,-6.043,0.838
1894-04-01,-1.202,1.106
1894-05-01,5.383,0.426
1894-06-01,9.567,0.554
1894-07-01,12.309,0.534
1894-08-01,12.446,0.844
1894-09-01,5.751,0.904
1894-10-01,-0.149,0.566
1894-11-01,-6.237,1.097
1894-12-01,-12.254,0.568
1895-01-01,-15.791,0.632
1895-02-01,-9.481,0.573
1895-03-01,-5.03,0.512
1895-04-01,0.732,0.873
1895-05-01,5.944,0.618
1895-06-01,9.54,0.56
1895-07-01,11.606,0.727
1895-08-01,10.087,0.707
1895-09-01,4.134,0.659
1895-10-01,1.539,0.709
1895-11-01,-5.864,0.823
1895-12-01,-11.877,1.006
1896-01-01,-16.656,0.981
1896-02-01,-9.469,0.986
1896-03-01,-6.776,0.788
1896-04-01,-1.337,0.602
1896-05-01,4.591,0.376
1896-06-01,9.193,0.504
1896-07-01,12.733,0.586
1896-08-01,11.389,0.583
1896-09-01,6.419,0.599
1896-10-01,1.047,0.689
1896-11-01,-11.125,1.09
1896-12-01,-8.78,0.68
1897-01-01,-12.778,1.375
1897-02-01,-10.244,0.639
1897-03-01,-9.895,0.658
1897-04-01,1.345,0.67
1897-05-01,6.893,0.65
1897-06-01,10.37,0.562
1897-07-01,11.105,0.555
1897-08-01,12.436,0.527
1897-09-01,6.003,0.676
1897-10-01,0.379,1.017
1897-11-01,-9.942,1.459
1897-12-01,-10.524,1.308
1898-01-01,-11.763,1.445
1898-02-01,-10.365,1.269
1898-03-01,-6.18,0.779
1898-04-01,1.523,0.794
1898-05-01,6.884,0.503
1898-06-01,10.075,0.886
1898-07-01,12.003,0.832
1898-08-01,12.774,0.782
1898-09-01,7.484,0.45
1898-10-01,-0.553,0.462
1898-11-01,-8.843,0.668
1898-12-01,-10.947,1.053
1899-01-01,-12.815,0.919
1899-02-01,-13.38,0.923
1899-03-01,-8.597,0.612
1899-04-01,-0.718,0.515
1899-05-01,3.527,0.567
1899-06-01,8.476,0.424
1899-07-01,12.819,0.385
1899-08-01,9.871,0.447
1899-09-01,6.756,0.601
1899-10-01,-1.061,0.538
1899-11-01,-2.821,0.563
1899-12-01,-10.929,0.596
1900-01-01,-11.555,0.949
1900-02-01,-11.936,0.306
1900-03-01,-4.961,0.681
1900-04-01,1.755,0.727
1900-05-01,5.993,0.584
1900-06-01,10.065,0.62
1900-07-01,11.731,0.71
1900-08-01,9.703,0.502
1900-09-01,6.395,0.524
1900-10-01,-0.17,0.788
1900-11-01,-8.238,0.71
1900-12-01,-8.635,0.677
1901-01-01,-13.398,0.664
1901-02-01,-11.039,1.002
1901-03-01,-3.999,0.613
1901-04-01,-0.557,0.582
1901-05-01,5.694,0.388
1901-06-01,8.579,0.656
1901-07-01,11.256,0.187
1901-08-01,11.199,0.414
1901-09-01,5.833,0.734
1901-10-01,2.578,0.743
1901-11-01,-6.107,0.708
1901-12-01,-9.722,0.628
1902-01-01,-12.201,0.978
1902-02-01,-7.79,0.73
1902-03-01,-7.119,0.664
1902-04-01,-0.151,0.583
1902-05-01,5.942,0.451
1902-06-01,8.916,0.557
1902-07-01,11.151,0.651
1902-08-01,10.309,0.884
1902-09-01,5.829,0.473
1902-10-01,2.217,0.455
1902-11-01,-8.081,0.303
1902-12-01,-13.816,0.83
1903-01-01,-12.039,0.66
1903-02-01,-9.993,0.772
1903-03-01,-8.112,0.74
1903-04-01,-0.878,0.394
1903-05-01,4.366,0.682
1903-06-01,10.945,0.635
1903-07-01,11.579,0.795
1903-08-01,11.111,0.561
1903-09-01,5.126,0.594
1903-10-01,0.549,0.789
1903-11-01,-7.172,0.566
1903-12-01,-8.479,0.661
1904-01-01,-12.831,0.866
1904-02-01,-15.253,0.892
1904-03-01,-9.048,0.673
1904-04-01,2.284,0.501
1904-05-01,4.767,0.349
1904-06-01,8.493,0.494
1904-07-01,11.333,0.583
1904-08-01,11.018,0.521
1904-09-01,6.561,0.33
1904-10-01,2.292,0.425
1904-11-01,-3.123,0.564
1904-12-01,-9.176,0.501
1905-01-01,-13.026,0.503
1905-02-01,-10.617,0.676
1905-03-01,-2.224,0.81
1905-04-01,1.441,0.455
1905-05-01,6.66,0.363
1905-06-01,10.504,0.551
1905-07-01,13.135,0.405
1905-08-01,10.931,0.424
1905-09-01,6.177,0.29
1905-10-01,-0.96,0.57
1905-11-01,-4.116,0.448
1905-12-01,-9.229,0.781
1906-01-01,-13.433,1.078
1906-02-01,-8.894,0.862
1906-03-01,-4.087,0.601
1906-04-01,2.698,0.44
1906-05-01,6.923,0.425
1906-06-01,9.41,0.59
1906-07-01,14.031,0.529
1906-08-01,10.855,0.396
1906-09-01,6.081,0.38
1906-10-01,2.051,0.293
1906-11-01,-5.71,0.413
1906-12-01,-13.786,1.026
1907-01-01,-19.73,1.247
1907-02-01,-11.186,0.615
1907-03-01,-7.6,0.518
1907-04-01,-0.851,0.367
1907-05-01,6.182,0.409
1907-06-01,9.553,0.392
1907-07-01,12.391,0.454
1907-08-01,9.93,0.464
1907-09-01,6.859,0.319
1907-10-01,2.415,0.415
1907-11-01,-4.327,0.38
1907-12-01,-9.62,0.489
1908-01-01,-10.761,0.767
1908-02-01,-9.66,0.66
1908-03-01,-7.139,0.631
1908-04-01,0.107,0.331
1908-05-01,5.514,0.637
1908-06-01,9.385,0.295
1908-07-01,12.201,0.449
1908-08-01,10.883,0.634
1908-09-01,5.709,0.3
1908-10-01,-0.237,0.422
1908-11-01,-5.221,0.443
1908-12-01,-11.723,0.885
1909-01-01,-20.224,0.986
1909-02-01,-13.032,0.499
1909-03-01,-3.973,0.655
1909-04-01,-2.026,0.557
1909-05-01,4.98,0.351
1909-06-01,9.727,0.416
1909-07-01,11.62,0.286
1909-08-01,9.816,0.35
1909-09-01,7.411,0.418
1909-10-01,0.921,0.397
1909-11-01,-9.362,0.286
1909-12-01,-13.871,0.268
1910-01-01,-12.22,0.684
1910-02-01,-13.618,0.582
1910-03-01,-3.243,0.585
1910-04-01,0.802,0.526
1910-05-01,6.005,0.283
1910-06-01,8.479,0.248
1910-07-01,11.724,0.267
1910-08-01,9.656,0.635
1910-09-01,6.792,0.499
1910-10-01,0.983,0.318
1910-11-01,-6.921,0.535
1910-12-01,-9.896,0.652
1911-01-01,-18.793,0.447
1911-02-01,-11.801,0.549
1911-03-01,-4.709,0.401
1911-04-01,-1.775,0.365
1911-05-01,5.194,0.307
1911-06-01,9.005,0.258
1911-07-01,12.004,0.23
1911-08-01,10.75,0.469
1911-09-01,6.42,0.417
1911-10-01,1.452,0.249
1911-11-01,-9.083,0.333
1911-12-01,-10.43,0.578
1912-01-01,-14.585,0.646
1912-02-01,-7.259,0.481
1912-03-01,-5.771,0.794
1912-04-01,0.946,0.214
1912-05-01,7.312,0.237
1912-06-01,10.106,0.297
1912-07-01,11.37,0.208
1912-08-01,10.334,0.318
1912-09-01,6.51,0.396
1912-10-01,0.722,0.389
1912-11-01,-4.915,0.23
1912-12-01,-9.298,0.434
1913-01-01,-17.108,0.398
1913-02-01,-11.149,0.657
1913-03-01,-7.423,0.525
1913-04-01,0.297,0.238
1913-05-01,4.936,0.243
1913-06-01,9.947,0.324
1913-07-01,11.27,0.172
1913-08-01,10.989,0.349
1913-09-01,6.003,0.328
1913-10-01,-0.649,0.233
1913-11-01,-5.465,0.453
1913-12-01,-8.853,0.716
1914-01-01,-12.986,0.638
1914-02-01,-10.447,0.412
1914-03-01,-4.878,0.404
1914-04-01,1.186,0.574
1914-05-01,6.073,0.439
1914-06-01,9.964,0.4
1914-07-01,11.037,0.413
1914-08-01,10.87,0.5
1914-09-01,5.912,0.348
1914-10-01,2.667,0.579
1914-11-01,-5.287,0.451
1914-12-01,-14.144,0.755
1915-01-01,-11.601,0.583
1915-02-01,-8.167,0.564
1915-03-01,-1.648,0.708
1915-04-01,3.186,0.204
1915-05-01,7.44,0.418
1915-06-01,9.936,0.297
1915-07-01,12.784,0.291
1915-08-01,12.726,0.394
1915-09-01,6.611,0.318
1915-10-01,0.797,0.245
1915-11-01,-6.965,0.562
1915-12-01,-10.035,0.333
1916-01-01,-20.908,0.699
1916-02-01,-10.487,0.631
1916-03-01,-6.267,0.674
1916-04-01,1.33,0.477
1916-05-01,5.281,0.323
1916-06-01,9.827,0.294
1916-07-01,10.648,0.249
1916-08-01,10.939,0.274
1916-09-01,6.817,0.287
1916-10-01,0.991,0.328
1916-11-01,-6.51,0.238
1916-12-01,-14.699,0.37
1917-01-01,-14.934,0.659
1917-02-01,-12.968,0.477
1917-03-01,-6.768,0.439
1917-04-01,-0.323,0.23
1917-05-01,5.276,0.354
1917-06-01,8.363,0.349
1917-07-01,11.312,0.377
1917-08-01,11.103,0.245
1917-09-01,7.127,0.333
1917-10-01,0.928,0.24
1917-11-01,-1.838,0.548
1917-12-01,-16.881,0.446
1918-01-01,-11.876,0.718
1918-02-01,-11.835,0.412
1918-03-01,-7.417,0.611
1918-04-01,0.306,0.419
1918-05-01,4.526,0.307
1918-06-01,9.539,0.294
1918-07-01,12.299,0.221
1918-08-01,10.632,0.2
1918-09-01,8.806,0.26
1918-10-01,1.181,0.363
1918-11-01,-5.157,0.436
1918-12-01,-10.053,0.25
1919-01-01,-9.376,0.487
1919-02-01,-12.198,0.662
1919-03-01,-9.009,0.72
1919-04-01,1.451,0.676
1919-05-01,4.659,0.458
1919-06-01,8.177,0.333
1919-07-01,11.641,0.361
1919-08-01,11.557,0.354
1919-09-01,7.716,0.266
1919-10-01,-1.577,0.299
1919-11-01,-9.277,0.287
1919-12-01,-12.926,0.593
1920-01-01,-14.661,0.271
1920-02-01,-7.732,0.613
1920-03-01,-6.176,0.285
1920-04-01,-2.207,0.751
1920-05-01,3.626,0.376
1920-06-01,8.422,0.472
1920-07-01,13.55,0.505
1920-08-01,11.092,0.389
1920-09-01,6.079,0.468
1920-10-01,-0.278,0.493
1920-11-01,-5.19,0.371
1920-12-01,-10.631,0.833
1921-01-01,-13.314,0.47
1921-02-01,-8.982,0.409
1921-03-01,-6.492,0.258
1921-04-01,0.678,0.274
1921-05-01,5.857,0.374
1921-06-01,10.043,0.511
1921-07-01,11.345,0.378
1921-08-01,10.64,0.261
1921-09-01,5.925,0.248
1921-10-01,2.373,0.448
1921-11-01,-8.043,0.496
1921-12-01,-11.978,0.748
1922-01-01,-12.716,0.681
1922-02-01,-15.863,0.503
1922-03-01,-6.983,0.412
1922-04-01,-0.419,0.179
1922-05-01,5.339,0.34
1922-06-01,10.552,0.16
1922-07-01,12.183,0.292
1922-08-01,11.823,0.379
1922-09-01,7.1,0.378
1922-10-01,1.874,0.309
1922-11-01,-4.978,0.597
1922-12-01,-14.34,0.325
1923-01-01,-13.983,0.506
1923-02-01,-10.278,0.545
1923-03-01,-5.605,0.368
1923-04-01,1.035,0.355
1923-05-01,5.988,0.201
1923-06-01,11.224,0.241
1923-07-01,13.087,0.252
1923-08-01,12.399,0.24
1923-09-01,7.656,0.39
1923-10-01,2.596,0.587
1923-11-01,-3.119,0.498
1923-12-01,-10.157,0.255
1924-01-01,-12.774,0.364
1924-02-01,-6.905,0.481
1924-03-01,-3.734,0.543
1924-04-01,-0.638,0.464
1924-05-01,7.265,0.516
1924-06-01,10.127,0.447
1924-07-01,12.418,0.303
1924-08-01,10.963,0.346
1924-09-01,6.96,0.331
1924-10-01,1.627,0.256
1924-11-01,-6.363,0.374
1924-12-01,-15.158,0.516
1925-01-01,-14.232,0.385
1925-02-01,-11.111,0.498
1925-03-01,-5.417,0.555
1925-04-01,1.228,0.405
1925-05-01,7.579,0.387
1925-06-01,10.621,0.375
1925-07-01,12.833,0.364
1925-08-01,11.028,0.292
1925-09-01,6.838,0.376
1925-10-01,0.28,0.319
1925-11-01,-5.203,0.23
1925-12-01,-6.352,0.425
1926-01-01,-7.025,0.462
1926-02-01,-5.693,0.708
1926-03-01,-1.09,0.509
1926-04-01,2.787,0.293
1926-05-01,6.172,0.36
1926-06-01,10.52,0.34
1926-07-01,12.906,0.225
1926-08-01,11.349,0.373
1926-09-01,5.01,0.281
1926-10-01,1.807,0.293
1926-11-01,-5.253,0.353
1926-12-01,-10.791,0.425
1927-01-01,-13.508,0.39
1927-02-01,-9.858,0.497
1927-03-01,-4.269,0.603
1927-04-01,-1.388,0.348
1927-05-01,4.977,0.283
1927-06-01,10.765,0.213
1927-07-01,13.116,0.312
1927-08-01,13.0,0.29
1927-09-01,6.889,0.217
1927-10-01,0.882,0.166
1927-11-01,-10.651,0.495
1927-12-01,-16.97,0.509
1928-01-01,-10.642,0.457
1928-02-01,-7.087,0.637
1928-03-01,-4.328,0.263
1928-04-01,-0.761,0.298
1928-05-01,6.977,0.209
1928-06-01,11.234,0.225
1928-07-01,13.162,0.395
1928-08-01,10.677,0.317
1928-09-01,7.477,0.305
1928-10-01,0.531,0.247
1928-11-01,-3.586,0.303
1928-12-01,-8.981,0.434
1929-01-01,-14.594,0.388
1929-02-01,-12.044,0.523
1929-03-01,-3.935,0.241
1929-04-01,-0.815,0.256
1929-05-01,6.06,0.334
1929-06-01,9.886,0.316
1929-07-01,11.483,0.252
1929-08-01,11.459,0.261
1929-09-01,7.79,0.2
1929-10-01,3.029,0.288
1929-11-01,-3.86,0.355
1929-12-01,-12.109,0.256
1930-01-01,-18.287,1.018
1930-02-01,-8.657,0.315
1930-03-01,-4.891,0.305
1930-04-01,1.798,0.234
1930-05-01,5.31,0.264
1930-06-01,9.287,0.172
1930-07-01,12.131,0.27
1930-08-01,12.489,0.192
1930-09-01,7.328,0.229
1930-10-01,-0.266,0.26
1930-11-01,-4.75,0.332
1930-12-01,-5.343,0.343
1931-01-01,-6.995,0.299
1931-02-01,-5.322,0.404
1931-03-01,-5.657,0.387
1931-04-01,2.011,0.17
1931-05-01,6.012,0.192
1931-06-01,9.894,0.23
1931-07-01,12.441,0.355
1931-08-01,11.581,0.222
1931-09-01,6.837,0.197
1931-10-01,1.47,0.192
1931-11-01,-7.742,0.387
1931-12-01,-10.378,0.367
1932-01-01,-13.278,0.464
1932-02-01,-11.767,0.502
1932-03-01,-6.765,0.225
1932-04-01,1.581,0.218
1932-05-01,5.989,0.172
1932-06-01,9.809,0.28
1932-07-01,10.755,0.271
1932-08-01,12.305,0.222
1932-09-01,6.854,0.15
1932-10-01,0.963,0.256
1932-11-01,-7.041,0.179
1932-12-01,-13.432,0.257
1933-01-01,-13.55,0.477
1933-02-01,-12.587,0.334
1933-03-01,-6.302,0.261
1933-04-01,-0.247,0.295
1933-05-01,5.567,0.146
1933-06-01,8.483,0.265
1933-07-01,10.67,0.291
1933-08-01,12.567,0.133
1933-09-01,5.729,0.205
1933-10-01,-0.559,0.213
1933-11-01,-3.148,0.246
1933-12-01,-17.329,0.623
1934-01-01,-10.502,0.353
1934-02-01,-6.221,0.618
1934-03-01,-3.81,0.371
1934-04-01,3.455,0.234
1934-05-01,7.312,0.236
1934-06-01,9.841,0.17
1934-07-01,11.856,0.241
1934-08-01,11.575,0.218
1934-09-01,5.918,0.192
1934-10-01,1.749,0.211
1934-11-01,-4.296,0.37
1934-12-01,-11.812,0.212
1935-01-01,-16.358,0.322
1935-02-01,-5.567,0.59
1935-03-01,-8.134,0.288
1935-04-01,-1.626,0.448
1935-05-01,5.698,0.197
1935-06-01,9.473,0.179
1935-07-01,12.357,0.162
1935-08-01,10.236,0.207
1935-09-01,7.681,0.146
1935-10-01,-0.148,0.202
1935-11-01,-7.548,0.254
1935-12-01,-7.873,0.273
1936-01-01,-14.115,0.393
1936-02-01,-19.559,0.674
1936-03-01,-5.747,0.279
1936-04-01,0.46,0.181
1936-05-01,7.784,0.253
1936-06-01,11.217,0.185
1936-07-01,12.253,0.212
1936-08-01,12.193,0.214
1936-09-01,6.149,0.205
1936-10-01,2.887,0.167
1936-11-01,-3.418,0.233
1936-12-01,-12.018,0.275
1937-01-01,-17.508,1.06
1937-02-01,-12.723,0.443
1937-03-01,-3.319,0.394
1937-04-01,0.806,0.309
1937-05-01,5.996,0.238
1937-06-01,10.948,0.176
1937-07-01,12.076,0.301
1937-08-01,9.754,0.297
1937-09-01,8.209,0.171
1937-10-01,2.879,0.177
1937-11-01,-6.517,0.303
1937-12-01,-12.281,0.395
1938-01-01,-10.852,0.237
1938-02-01,-12.246,0.299
1938-03-01,-3.659,0.379
1938-04-01,1.346,0.319
1938-05-01,6.215,0.261
1938-06-01,10.274,0.153
1938-07-01,12.995,0.159
1938-08-01,10.853,0.153
1938-09-01,10.169,0.158
1938-10-01,2.971,0.227
1938-11-01,-6.014,0.275
1938-12-01,-10.41,0.299
1939-01-01,-9.106,0.568
1939-02-01,-12.674,0.307
1939-03-01,-6.225,0.307
1939-04-01,1.041,0.248
1939-05-01,6.189,0.191
1939-06-01,9.249,0.199
1939-07-01,12.044,0.204
1939-08-01,11.506,0.276
1939-09-01,6.831,0.239
1939-10-01,0.133,0.161
1939-11-01,-2.927,0.388
1939-12-01,-6.246,0.567
1940-01-01,-11.369,0.419
1940-02-01,-8.505,0.261
1940-03-01,-2.6,0.269
1940-04-01,2.508,0.241
1940-05-01,6.839,0.204
1940-06-01,9.763,0.205
1940-07-01,12.852,0.185
1940-08-01,11.511,0.203
1940-09-01,9.351,0.333
1940-10-01,2.488,0.21
1940-11-01,-8.648,0.266
1940-12-01,-9.295,0.332
1941-01-01,-11.197,0.407
1941-02-01,-7.978,0.302
1941-03-01,-1.794,0.313
1941-04-01,3.731,0.241
1941-05-01,6.167,0.211
1941-06-01,10.848,0.346
1941-07-01,13.994,0.202
1941-08-01,12.114,0.264
1941-09-01,5.606,0.305
1941-10-01,1.892,0.252
1941-11-01,-4.9,0.508
1941-12-01,-11.752,0.318
1942-01-01,-8.507,0.616
1942-02-01,-7.974,0.262
1942-03-01,-4.01,0.217
1942-04-01,1.216,0.274
1942-05-01,7.268,0.229
1942-06-01,10.326,0.219
1942-07-01,13.279,0.259
1942-08-01,12.53,0.221
1942-09-01,8.022,0.218
1942-10-01,2.451,0.159
1942-11-01,-8.695,0.305
1942-12-01,-12.792,0.532
1943-01-01,-16.8,0.227
1943-02-01,-7.342,0.439
1943-03-01,-7.373,0.463
1943-04-01,2.048,0.199
1943-05-01,4.663,0.19
1943-06-01,9.391,0.282
1943-07-01,11.811,0.188
1943-08-01,10.75,0.18
1943-09-01,7.81,0.205
1943-10-01,2.08,0.198
1943-11-01,-2.536,0.164
1943-12-01,-6.881,0.252
1944-01-01,-8.709,0.359
1944-02-01,-8.432,0.257
1944-03-01,-5.525,0.196
1944-04-01,2.096,0.174
1944-05-01,6.53,0.216
1944-06-01,10.529,0.183
1944-07-01,12.52,0.203
1944-08-01,10.957,0.174
1944-09-01,8.033,0.151
1944-10-01,3.396,0.236
1944-11-01,-4.748,0.317
1944-12-01,-10.151,0.329
1945-01-01,-9.563,0.36
1945-02-01,-7.99,0.414
1945-03-01,-3.965,0.226
1945-04-01,-2.014,0.212
1945-05-01,6.741,0.182
1945-06-01,9.133,0.19
1945-07-01,11.991,0.158
1945-08-01,12.105,0.239
1945-09-01,6.272,0.198
1945-10-01,1.9,0.263
1945-11-01,-9.896,0.325
1945-12-01,-11.795,0.373
1946-01-01,-10.578,0.419
1946-02-01,-9.786,0.345
1946-03-01,-3.536,0.218
1946-04-01,0.624,0.173
1946-05-01,7.632,0.184
1946-06-01,10.24,0.155
1946-07-01,11.639,0.245
1946-08-01,11.525,0.233
1946-09-01,7.315,0.184
1946-10-01,0.271,0.153
1946-11-01,-8.745,0.243
1946-12-01,-13.364,0.266
1947-01-01,-13.773,0.52
1947-02-01,-10.401,0.385
1947-03-01,-3.322,0.306
1947-04-01,1.088,0.197
1947-05-01,6.789,0.192
1947-06-01,9.493,0.153
1947-07-01,11.992,0.262
1947-08-01,10.193,0.159
1947-09-01,7.432,0.201
1947-10-01,1.891,0.17
1947-11-01,-4.979,0.144
1947-12-01,-8.128,0.194
1948-01-01,-9.067,0.369
1948-02-01,-13.488,0.25
1948-03-01,-7.357,0.219
1948-04-01,-2.929,0.208
1948-05-01,7.197,0.175
1948-06-01,11.965,0.106
1948-07-01,12.127,0.193
1948-08-01,10.997,0.192
1948-09-01,6.665,0.218
1948-10-01,1.412,0.228
1948-11-01,-5.793,0.234
1948-12-01,-15.531,0.362
1949-01-01,-14.691,0.32
1949-02-01,-14.973,0.377
1949-03-01,-3.982,0.234
1949-04-01,1.826,0.169
1949-05-01,6.36,0.137
1949-06-01,8.583,0.183
1949-07-01,11.465,0.159
1949-08-01,10.89,0.205
1949-09-01,8.187,0.222
1949-10-01,0.364,0.142
1949-11-01,-1.241,0.28
1949-12-01,-14.875,0.571
1950-01-01,-21.621,1.352
1950-02-01,-10.883,0.309
1950-03-01,-5.894,0.183
1950-04-01,-1.235,0.195
1950-05-01,4.974,0.258
1950-06-01,11.713,0.212
1950-07-01,12.125,0.205
1950-08-01,10.796,0.188
1950-09-01,8.183,0.153
1950-10-01,-0.583,0.132
1950-11-01,-10.7,0.406
1950-12-01,-10.107,0.245
1951-01-01,-15.774,0.227
1951-02-01,-11.777,0.298
1951-03-01,-9.406,0.289
1951-04-01,0.505,0.235
1951-05-01,6.17,0.208
1951-06-01,9.449,0.501
1951-07-01,13.053,0.244
1951-08-01,11.276,0.211
1951-09-01,7.62,0.278
1951-10-01,-1.024,0.167
1951-11-01,-6.483,0.238
1951-12-01,-15.128,0.269
1952-01-01,-16.61,0.284
1952-02-01,-9.38,0.269
1952-03-01,-5.602,0.201
1952-04-01,0.549,0.224
1952-05-01,6.228,0.182
1952-06-01,8.802,0.185
1952-07-01,12.253,0.162
1952-08-01,11.604,0.22
1952-09-01,7.848,0.169
1952-10-01,3.529,0.204
1952-11-01,-3.791,0.195
1952-12-01,-9.006,0.298
1953-01-01,-15.133,0.322
1953-02-01,-6.11,0.391
1953-03-01,-4.507,0.189
1953-04-01,0.094,0.176
1953-05-01,6.853,0.158
1953-06-01,9.734,0.213
1953-07-01,12.064,0.159
1953-08-01,11.728,0.165
1953-09-01,7.101,0.141
1953-10-01,2.582,0.33
1953-11-01,-3.774,0.19
1953-12-01,-7.988,0.322
1954-01-01,-18.01,0.559
1954-02-01,-7.878,0.275
1954-03-01,-6.048,0.231
1954-04-01,-4.418,0.288
1954-05-01,5.923,0.341
1954-06-01,9.015,0.252
1954-07-01,10.89,0.238
1954-08-01,11.416,0.123
1954-09-01,7.259,0.215
1954-10-01,1.189,0.235
1954-11-01,-1.635,0.234
1954-12-01,-8.737,0.386
1955-01-01,-9.988,0.279
1955-02-01,-10.512,0.466
1955-03-01,-9.283,0.193
1955-04-01,-0.694,0.247
1955-05-01,4.125,0.277
1955-06-01,9.467,0.168
1955-07-01,11.939,0.205
1955-08-01,10.198,0.25
1955-09-01,6.672,0.192
1955-10-01,0.51,0.228
1955-11-01,-13.27,0.602
1955-12-01,-16.393,0.371
1956-01-01,-15.888,0.295
1956-02-01,-13.254,0.251
1956-03-01,-6.456,0.195
1956-04-01,0.667,0.228
1956-05-01,7.022,0.166
1956-06-01,8.627,0.139
1956-07-01,12.854,0.136
1956-08-01,11.926,0.289
1956-09-01,6.71,0.248
1956-10-01,-0.947,0.384
1956-11-01,-4.511,0.515
1956-12-01,-11.622,0.404
1957-01-01,-17.434,0.513
1957-02-01,-12.442,0.399
1957-03-01,-4.665,0.271
1957-04-01,0.974,0.312
1957-05-01,7.506,0.226
1957-06-01,9.994,0.495
1957-07-01,10.973,0.551
1957-08-01,11.104,0.739
1957-09-01,9.523,0.495
1957-10-01,0.24,0.372
1957-11-01,-3.752,0.297
1957-12-01,-9.893,0.295
1958-01-01,-7.856,0.454
1958-02-01,-9.361,0.446
1958-03-01,-4.523,0.229
1958-04-01,1.709,0.26
1958-05-01,8.407,0.303
1958-06-01,12.816,0.388
1958-07-01,14.665,0.363
1958-08-01,12.157,0.319
1958-09-01,6.578,0.179
1958-10-01,1.993,0.193
1958-11-01,-6.869,0.187
1958-12-01,-10.267,0.203
1959-01-01,-15.406,0.585
1959-02-01,-10.121,0.392
1959-03-01,-3.645,0.311
1959-04-01,0.806,0.375
1959-05-01,5.344,0.202
1959-06-01,9.603,0.213
1959-07-01,12.56,0.266
1959-08-01,9.44,0.136
1959-09-01,6.424,0.277
1959-10-01,0.5,0.225
1959-11-01,-7.356,0.196
1959-12-01,-6.992,0.331
1960-01-01,-12.941,0.25
1960-02-01,-8.013,0.313
1960-03-01,-6.301,0.395
1960-04-01,1.874,0.213
1960-05-01,5.313,0.369
1960-06-01,9.114,0.354
1960-07-01,13.08,0.253
1960-08-01,10.956,0.319
1960-09-01,7.055,0.187
1960-10-01,2.247,0.251
1960-11-01,-6.278,0.398
1960-12-01,-8.855,0.154
1961-01-01,-10.054,0.443
1961-02-01,-7.831,0.307
1961-03-01,-4.183,0.382
1961-04-01,0.58,0.454
1961-05-01,6.527,0.335
1961-06-01,11.448,0.284
1961-07-01,13.798,0.207
1961-08-01,13.161,0.189
1961-09-01,5.93,0.15
1961-10-01,0.174,0.336
1961-11-01,-8.334,0.179
1961-12-01,-13.894,0.354
1962-01-01,-12.035,0.346
1962-02-01,-10.672,0.448
1962-03-01,-7.279,0.29
1962-04-01,1.362,0.255
1962-05-01,4.953,0.169
1962-06-01,9.093,0.524
1962-07-01,12.218,0.237
1962-08-01,11.086,0.185
1962-09-01,7.24,0.282
1962-10-01,2.527,0.328
1962-11-01,-3.533,0.277
1962-12-01,-8.415,0.331
1963-01-01,-12.839,0.435
1963-02-01,-5.826,0.263
1963-03-01,-4.484,0.164
1963-04-01,0.876,0.204
1963-05-01,6.002,0.354
1963-06-01,9.316,0.264
1963-07-01,11.887,0.299
1963-08-01,13.0,0.184
1963-09-01,9.355,0.165
1963-10-01,2.991,0.25
1963-11-01,-7.946,0.179
1963-12-01,-9.649,0.222
1964-01-01,-10.885,0.443
1964-02-01,-5.052,0.233
1964-03-01,-7.608,0.215
1964-04-01,-0.265,0.227
1964-05-01,4.915,0.33
1964-06-01,10.145,0.246
1964-07-01,11.504,0.262
1964-08-01,10.322,0.283
1964-09-01,5.979,0.132
1964-10-01,2.266,0.288
1964-11-01,-7.211,0.167
1964-12-01,-17.038,0.302
1965-01-01,-13.39,0.325
1965-02-01,-11.077,0.381
1965-03-01,-5.886,0.386
1965-04-01,0.797,0.163
1965-05-01,5.15,0.339
1965-06-01,9.428,0.44
1965-07-01,13.298,0.275
1965-08-01,12.683,0.219
1965-09-01,6.165,0.243
1965-10-01,2.497,0.336
1965-11-01,-7.14,0.189
1965-12-01,-11.401,0.233
1966-01-01,-17.579,0.449
1966-02-01,-8.314,0.239
1966-03-01,-4.555,0.32
1966-04-01,-0.41,0.256
1966-05-01,5.667,0.244
1966-06-01,9.201,0.262
1966-07-01,12.239,0.219
1966-08-01,10.841,0.205
1966-09-01,8.176,0.251
1966-10-01,0.475,0.194
1966-11-01,-8.785,0.299
1966-12-01,-10.077,0.282
1967-01-01,-12.631,0.304
1967-02-01,-7.717,0.309
1967-03-01,-8.098,0.268
1967-04-01,-0.49,0.158
1967-05-01,5.761,0.285
1967-06-01,11.537,0.242
1967-07-01,12.035,0.329
1967-08-01,13.456,0.355
1967-09-01,9.159,0.209
1967-10-01,1.707,0.127
1967-11-01,-4.719,0.18
1967-12-01,-11.374,0.254
1968-01-01,-13.781,0.342
1968-02-01,-8.439,0.234
1968-03-01,-2.285,0.129
1968-04-01,-0.288,0.222
1968-05-01,6.125,0.142
1968-06-01,9.118,0.326
1968-07-01,12.545,0.182
1968-08-01,10.537,0.149
1968-09-01,6.718,0.131
1968-10-01,0.793,0.285
1968-11-01,-5.012,0.212
1968-12-01,-16.24,0.314
1969-01-01,-22.54,0.539
1969-02-01,-11.095,0.302
1969-03-01,-4.356,0.179
1969-04-01,1.696,0.159
1969-05-01,7.07,0.205
1969-06-01,12.541,0.277
1969-07-01,11.52,0.31
1969-08-01,9.861,0.211
1969-09-01,6.977,0.12
1969-10-01,1.176,0.25
1969-11-01,-3.672,0.31
1969-12-01,-7.366,0.241
1970-01-01,-14.313,0.218
1970-02-01,-5.636,0.248
1970-03-01,-3.378,0.182
1970-04-01,0.478,0.29
1970-05-01,5.626,0.211
1970-06-01,11.034,0.317
1970-07-01,11.821,0.209
1970-08-01,11.422,0.173
1970-09-01,5.929,0.165
1970-10-01,1.007,0.169
1970-11-01,-8.133,0.141
1970-12-01,-14.112,0.242
1971-01-01,-15.751,0.299
1971-02-01,-8.465,0.278
1971-03-01,-6.652,0.176
1971-04-01,0.841,0.194
1971-05-01,6.143,0.24
1971-06-01,9.621,0.209
1971-07-01,13.32,0.189
1971-08-01,12.728,0.161
1971-09-01,6.097,0.172
1971-10-01,0.359,0.18
1971-11-01,-5.791,0.201
1971-12-01,-16.049,0.39
1972-01-01,-18.191,0.432
1972-02-01,-13.296,0.312
1972-03-01,-4.995,0.222
1972-04-01,-2.076,0.264
1972-05-01,6.537,0.176
1972-06-01,9.493,0.311
1972-07-01,11.784,0.236
1972-08-01,12.219,0.214
1972-09-01,4.91,0.153
1972-10-01,0.108,0.298
1972-11-01,-4.714,0.211
1972-12-01,-13.965,0.25
1973-01-01,-13.023,0.173
1973-02-01,-9.614,0.201
1973-03-01,-3.568,0.233
1973-04-01,1.129,0.161
1973-05-01,6.45,0.305
1973-06-01,8.933,0.138
1973-07-01,11.723,0.172
1973-08-01,10.434,0.24
1973-09-01,7.279,0.099
1973-10-01,0.578,0.162
1973-11-01,-11.886,0.275
1973-12-01,-10.32,0.118
1974-01-01,-16.467,0.313
1974-02-01,-8.34,0.241
1974-03-01,-7.093,0.298
1974-04-01,1.181,0.194
1974-05-01,4.495,0.177
1974-06-01,9.339,0.171
1974-07-01,10.653,0.147
1974-08-01,11.871,0.273
1974-09-01,8.087,0.195
1974-10-01,2.179,0.132
1974-11-01,-4.555,0.242
1974-12-01,-7.175,0.31
1975-01-01,-13.06,0.218
1975-02-01,-13.511,0.475
1975-03-01,-6.699,0.123
1975-04-01,-0.101,0.127
1975-05-01,5.676,0.206
1975-06-01,9.166,0.232
1975-07-01,13.384,0.332
1975-08-01,9.948,0.463
1975-09-01,8.226,0.343
1975-10-01,1.057,0.26
1975-11-01,-7.751,0.227
1975-12-01,-11.212,0.306
1976-01-01,-10.33,0.18
1976-02-01,-10.009,0.177
1976-03-01,-6.114,0.233
1976-04-01,1.521,0.19
1976-05-01,5.748,0.321
1976-06-01,8.393,0.25
1976-07-01,11.028,0.379
1976-08-01,10.98,0.212
1976-09-01,8.366,0.205
1976-10-01,1.486,0.3
1976-11-01,-3.326,0.287
1976-12-01,-8.423,0.184
1977-01-01,-9.944,0.294
1977-02-01,-3.411,0.375
1977-03-01,-4.129,0.147
1977-04-01,2.691,0.217
1977-05-01,5.89,0.225
1977-06-01,10.262,0.261
1977-07-01,11.48,0.255
1977-08-01,12.903,0.265
1977-09-01,6.638,0.193
1977-10-01,1.477,0.15
1977-11-01,-8.082,0.204
1977-12-01,-16.258,0.265
1978-01-01,-13.716,0.264
1978-02-01,-8.003,0.157
1978-03-01,-4.17,0.215
1978-04-01,1.455,0.275
1978-05-01,5.526,0.236
1978-06-01,11.329,0.237
1978-07-01,13.214,0.236
1978-08-01,11.41,0.273
1978-09-01,6.82,0.112
1978-10-01,2.806,0.167
1978-11-01,-7.672,0.257
1978-12-01,-12.467,0.36
1979-01-01,-17.215,0.528
1979-02-01,-15.254,0.568
1979-03-01,-3.135,0.245
1979-04-01,0.388,0.238
1979-05-01,5.507,0.247
1979-06-01,9.531,0.168
1979-07-01,13.271,0.125
1979-08-01,13.082,0.302
1979-09-01,8.616,0.111
1979-10-01,2.975,0.14
1979-11-01,-4.671,0.282
1979-12-01,-8.879,0.372
1980-01-01,-15.619,0.212
1980-02-01,-7.39,0.18
1980-03-01,-4.996,0.165
1980-04-01,3.067,0.162
1980-05-01,7.34,0.184
1980-06-01,10.851,0.258
1980-07-01,11.944,0.26
1980-08-01,10.35,0.182
1980-09-01,6.843,0.146
1980-10-01,3.143,0.255
1980-11-01,-2.645,0.232
1980-12-01,-13.407,0.432
1981-01-01,-5.532,0.246
1981-02-01,-7.171,0.283
1981-03-01,-1.581,0.215
1981-04-01,-0.18,0.284
1981-05-01,7.462,0.227
1981-06-01,8.47,0.343
1981-07-01,12.859,0.281
1981-08-01,13.456,0.194
1981-09-01,7.716,0.221
1981-10-01,1.29,0.257
1981-11-01,-3.358,0.322
1981-12-01,-12.064,0.209
1982-01-01,-18.605,0.3
1982-02-01,-12.09,0.16
1982-03-01,-6.117,0.224
1982-04-01,-1.309,0.143
1982-05-01,5.262,0.202
1982-06-01,12.151,0.23
1982-07-01,12.792,0.243
1982-08-01,10.666,0.152
1982-09-01,8.331,0.186
1982-10-01,1.556,0.132
1982-11-01,-8.633,0.386
1982-12-01,-10.425,0.451
1983-01-01,-9.485,0.264
1983-02-01,-6.797,0.35
1983-03-01,-4.343,0.159
1983-04-01,2.183,0.113
1983-05-01,7.351,0.218
1983-06-01,10.341,0.294
1983-07-01,11.703,0.155
1983-08-01,11.644,0.142
1983-09-01,5.719,0.152
1983-10-01,1.428,0.189
1983-11-01,-4.836,0.247
1983-12-01,-16.821,0.21
1984-01-01,-8.827,0.303
1984-02-01,-4.923,0.196
1984-03-01,-1.696,0.225
1984-04-01,1.728,0.148
1984-05-01,4.848,0.178
1984-06-01,9.419,0.205
1984-07-01,12.07,0.268
1984-08-01,11.39,0.216
1984-09-01,5.426,0.2
1984-10-01,-0.972,0.263
1984-11-01,-8.5,0.166
1984-12-01,-15.379,0.22
1985-01-01,-8.108,0.192
1985-02-01,-10.736,0.177
1985-03-01,-3.872,0.126
1985-04-01,0.472,0.221
1985-05-01,6.692,0.267
1985-06-01,9.303,0.344
1985-07-01,13.415,0.216
1985-08-01,10.837,0.195
1985-09-01,6.087,0.276
1985-10-01,-0.071,0.172
1985-11-01,-14.119,0.17
1985-12-01,-9.135,0.51
1986-01-01,-7.586,0.277
1986-02-01,-10.823,0.31
1986-03-01,-2.022,0.265
1986-04-01,-0.312,0.228
1986-05-01,5.707,0.215
1986-06-01,10.245,0.261
1986-07-01,11.698,0.125
1986-08-01,12.272,0.21
1986-09-01,6.434,0.26
1986-10-01,3.099,0.143
1986-11-01,-7.607,0.257
1986-12-01,-7.607,0.265
1987-01-01,-8.14,0.27
1987-02-01,-5.508,0.175
1987-03-01,-4.605,0.172
1987-04-01,2.343,0.207
1987-05-01,6.5,0.198
1987-06-01,10.565,0.156
1987-07-01,12.856,0.198
1987-08-01,11.046,0.196
1987-09-01,8.776,0.203
1987-10-01,2.75,0.174
1987-11-01,-2.695,0.199
1987-12-01,-8.219,0.202
1988-01-01,-12.607,0.198
1988-02-01,-7.981,0.239
1988-03-01,-2.023,0.156
1988-04-01,2.165,0.251
1988-05-01,6.429,0.158
1988-06-01,9.765,0.237
1988-07-01,11.576,0.124
1988-08-01,11.706,0.235
1988-09-01,7.101,0.157
1988-10-01,2.768,0.174
1988-11-01,-5.305,0.281
1988-12-01,-9.517,0.242
1989-01-01,-11.642,0.289
1989-02-01,-13.065,0.319
1989-03-01,-7.3,0.15
1989-04-01,2.373,0.199
1989-05-01,6.874,0.18
1989-06-01,11.285,0.247
1989-07-01,13.157,0.177
1989-08-01,12.523,0.275
1989-09-01,8.526,0.249
1989-10-01,1.478,0.213
1989-11-01,-5.725,0.191
1989-12-01,-6.754,0.248
1990-01-01,-10.559,0.348
1990-02-01,-11.391,0.137
1990-03-01,-2.435,0.285
1990-04-01,2.236,0.099
1990-05-01,6.803,0.204
1990-06-01,10.201,0.309
1990-07-01,13.683,0.168
1990-08-01,13.116,0.157
1990-09-01,9.271,0.278
1990-10-01,-0.143,0.288
1990-11-01,-8.805,0.236
1990-12-01,-14.201,0.247
1991-01-01,-14.051,0.247
1991-02-01,-4.018,0.204
1991-03-01,-5.347,0.26
1991-04-01,2.272,0.203
1991-05-01,7.115,0.237
1991-06-01,10.092,0.183
1991-07-01,12.154,0.204
1991-08-01,12.405,0.153
1991-09-01,8.409,0.147
1991-10-01,-0.414,0.136
1991-11-01,-5.602,0.235
1991-12-01,-7.189,0.19
1992-01-01,-6.718,0.316
1992-02-01,-6.697,0.239
1992-03-01,-0.488,0.167
1992-04-01,1.812,0.232
1992-05-01,6.311,0.166
1992-06-01,11.995,0.231
1992-07-01,12.837,0.211
1992-08-01,11.842,0.216
1992-09-01,5.185,0.29
1992-10-01,0.799,0.128
1992-11-01,-4.247,0.263
1992-12-01,-14.301,0.463
1993-01-01,-14.604,0.439
1993-02-01,-8.884,0.219
1993-03-01,-2.891,0.215
1993-04-01,2.549,0.145
1993-05-01,9.008,0.311
1993-06-01,10.311,0.158
1993-07-01,11.572,0.238
1993-08-01,11.857,0.189
1993-09-01,8.241,0.229
1993-10-01,2.977,0.144
1993-11-01,-5.271,0.158
1993-12-01,-7.21,0.265
1994-01-01,-10.324,0.244
1994-02-01,-14.485,0.311
1994-03-01,-1.428,0.154
1994-04-01,2.865,0.207
1994-05-01,7.175,0.168
1994-06-01,10.325,0.196
1994-07-01,13.805,0.162
1994-08-01,13.441,0.194
1994-09-01,8.466,0.193
1994-10-01,1.743,0.157
1994-11-01,-7.282,0.179
1994-12-01,-10.791,0.36
1995-01-01,-11.545,0.249
1995-02-01,-8.317,0.233
1995-03-01,-5.187,0.192
1995-04-01,1.99,0.24
1995-05-01,8.265,0.225
1995-06-01,11.595,0.21
1995-07-01,12.667,0.197
1995-08-01,10.03,0.205
1995-09-01,9.822,0.29
1995-10-01,1.322,0.187
1995-11-01,-6.878,0.254
1995-12-01,-12.171,0.214
1996-01-01,-17.802,0.262
1996-02-01,-8.514,0.321
1996-03-01,-5.588,0.106
1996-04-01,1.391,0.228
1996-05-01,4.702,0.225
1996-06-01,9.556,0.215
1996-07-01,12.613,0.231
1996-08-01,11.574,0.182
1996-09-01,6.336,0.243
1996-10-01,-0.095,0.135
1996-11-01,-9.367,0.192
1996-12-01,-15.274,0.138
1997-01-01,-13.078,0.27
1997-02-01,-5.997,0.265
1997-03-01,-6.079,0.3
1997-04-01,0.849,0.2
1997-05-01,7.129,0.222
1997-06-01,10.296,0.213
1997-07-01,12.498,0.2
1997-08-01,12.96,0.191
1997-09-01,8.671,0.249
1997-10-01,0.449,0.19
1997-11-01,-4.062,0.262
1997-12-01,-6.024,0.345
1998-01-01,-13.871,0.399
1998-02-01,-5.475,0.319
1998-03-01,-2.98,0.194
1998-04-01,2.434,0.174
1998-05-01,9.456,0.136
1998-06-01,11.858,0.225
1998-07-01,14.434,0.106
1998-08-01,12.575,0.159
1998-09-01,8.46,0.205
1998-10-01,1.996,0.121
1998-11-01,-4.874,0.231
1998-12-01,-10.794,0.243
1999-01-01,-11.366,0.346
1999-02-01,-7.77,0.312
1999-03-01,-3.623,0.19
1999-04-01,1.4,0.227
1999-05-01,4.631,0.223
1999-06-01,9.462,0.172
1999-07-01,11.636,0.248
1999-08-01,12.419,0.153
1999-09-01,7.361,0.213
1999-10-01,1.691,0.165
1999-11-01,-4.294,0.171
1999-12-01,-7.153,0.29
2000-01-01,-12.933,0.297
2000-02-01,-7.792,0.394
2000-03-01,-2.558,0.2
2000-04-01,0.972,0.159
2000-05-01,5.15,0.181
2000-06-01,10.047,0.311
2000-07-01,12.473,0.203
2000-08-01,10.896,0.227
2000-09-01,7.045,0.197
2000-10-01,1.431,0.194
2000-11-01,-4.371,0.206
2000-12-01,-11.38,0.214
2001-01-01,-6.682,0.326
2001-02-01,-9.758,0.432
2001-03-01,-3.843,0.216
2001-04-01,1.103,0.218
2001-05-01,5.492,0.226
2001-06-01,9.283,0.251
2001-07-01,12.193,0.162
2001-08-01,12.346,0.179
2001-09-01,7.973,0.264
2001-10-01,0.67,0.097
2001-11-01,-4.84,0.16
2001-12-01,-11.347,0.232
2002-01-01,-9.987,0.314
2002-02-01,-7.64,0.347
2002-03-01,-8.953,0.243
2002-04-01,-0.972,0.118
2002-05-01,4.729,0.241
2002-06-01,11.016,0.205
2002-07-01,12.332,0.189
2002-08-01,11.483,0.24
2002-09-01,7.035,0.189
2002-10-01,1.265,0.317
2002-11-01,-2.896,0.227
2002-12-01,-7.222,0.222
2003-01-01,-8.903,0.261
2003-02-01,-8.206,0.388
2003-03-01,-5.702,0.14
2003-04-01,1.297,0.292
2003-05-01,5.799,0.237
2003-06-01,10.717,0.322
2003-07-01,13.476,0.299
2003-08-01,12.114,0.235
2003-09-01,7.617,0.288
2003-10-01,2.916,0.238
2003-11-01,-7.382,0.216
2003-12-01,-8.868,0.316
2004-01-01,-13.589,0.345
2004-02-01,-6.059,0.262
2004-03-01,-2.606,0.143
2004-04-01,2.889,0.175
2004-05-01,6.801,0.215
2004-06-01,12.436,0.308
2004-07-01,14.054,0.174
2004-08-01,12.955,0.182
2004-09-01,6.414,0.115
2004-10-01,1.204,0.247
2004-11-01,-3.948,0.249
2004-12-01,-8.546,0.271
2005-01-01,-13.081,0.24
2005-02-01,-6.682,0.339
2005-03-01,-1.717,0.276
2005-04-01,2.924,0.162
2005-05-01,8.535,0.141
2005-06-01,10.629,0.169
2005-07-01,11.932,0.174
2005-08-01,12.008,0.179
2005-09-01,7.103,0.133
2005-10-01,1.986,0.176
2005-11-01,-4.104,0.142
2005-12-01,-7.769,0.229
2006-01-01,-8.118,0.4
2006-02-01,-8.231,0.244
2006-03-01,-5.795,0.326
2006-04-01,2.137,0.244
2006-05-01,6.813,0.342
2006-06-01,11.554,0.223
2006-07-01,13.644,0.216
2006-08-01,11.414,0.212
2006-09-01,8.587,0.178
2006-10-01,1.384,0.199
2006-11-01,-10.372,0.424
2006-12-01,-7.39,0.172
2007-01-01,-9.218,0.248
2007-02-01,-9.038,0.463
2007-03-01,-5.019,0.384
2007-04-01,0.614,0.234
2007-05-01,6.235,0.126
2007-06-01,10.271,0.234
2007-07-01,13.733,0.126
2007-08-01,11.343,0.133
2007-09-01,7.086,0.23
2007-10-01,1.554,0.108
2007-11-01,-5.485,0.254
2007-12-01,-11.997,0.258
2008-01-01,-12.471,0.252
2008-02-01,-8.846,0.278
2008-03-01,-4.345,0.254
2008-04-01,-0.524,0.125
2008-05-01,7.213,0.13
2008-06-01,9.433,0.158
2008-07-01,12.091,0.179
2008-08-01,11.892,0.196
2008-09-01,7.626,0.181
2008-10-01,1.632,0.177
2008-11-01,-3.668,0.157
2008-12-01,-14.666,0.298
2009-01-01,-11.943,0.383
2009-02-01,-9.89,0.378
2009-03-01,-7.296,0.261
2009-04-01,0.721,0.288
2009-05-01,5.727,0.183
2009-06-01,11.029,0.25
2009-07-01,14.249,0.285
2009-08-01,12.619,0.21
2009-09-01,8.982,0.139
2009-10-01,0.183,0.124
2009-11-01,-4.671,0.267
2009-12-01,-13.748,0.361
2010-01-01,-9.348,0.535
2010-02-01,-5.248,0.366
2010-03-01,-1.385,0.296
2010-04-01,2.213,0.21
2010-05-01,6.283,0.237
2010-06-01,10.224,0.196
2010-07-01,13.096,0.248
2010-08-01,12.233,0.364
2010-09-01,7.054,0.136
2010-10-01,2.964,0.167
2010-11-01,-6.234,0.214
2010-12-01,-11.689,0.563
2011-01-01,-10.962,0.386
2011-02-01,-10.711,0.212
2011-03-01,-6.169,0.24
2011-04-01,-0.128,0.192
2011-05-01,6.517,0.296
2011-06-01,10.136,0.297
2011-07-01,11.586,0.252
2011-08-01,11.374,0.194
2011-09-01,8.73,0.183
2011-10-01,1.881,0.154
2011-11-01,-7.273,0.346
2011-12-01,-7.085,0.354
2012-01-01,-10.896,0.449
2012-02-01,-6.41,0.274
2012-03-01,-4.53,0.17
2012-04-01,1.721,0.318
2012-05-01,5.939,0.325
2012-06-01,9.579,0.31
2012-07-01,13.667,0.309
2012-08-01,12.909,0.279
2012-09-01,9.058,0.218
2012-10-01,-0.421,0.201
2012-11-01,-7.142,0.331
2012-12-01,-12.404,0.398
2013-01-01,-9.991,0.338
2013-02-01,-5.214,0.405
2013-03-01,-5.099,0.308
2013-04-01,-0.278,0.314
2013-05-01,7.8,0.271
2013-06-01,11.556,0.407
2013-07-01,13.366,0.201
2013-08-01,13.495,0.524
2013-09-01,10.332,2.327
